name,url,type,aliases,name_zh_tw,name_zh_cn,aliases_zh_tw,aliases_zh_cn
fields_choked_with_growth,https://suisoko.com/Spirits/Rampant_Green/BaseCards300pxiBaseUnique37png_combined.webp,unique,,草木進逼,草木进逼,,
stem_the_flow_of_fresh_water,https://suisoko.com/Spirits/Rampant_Green/BaseCards300pxiBaseUnique38png_combined.webp,unique,,攔阻水源,拦阻水源,,
gift_of_proliferation,https://suisoko.com/Spirits/Rampant_Green/BaseCards300pxiBaseUnique36png_combined.webp,unique,,增長的禮贈,增长的礼赠,,
overgrow_in_a_night,https://suisoko.com/Spirits/Rampant_Green/BaseCards300pxiBaseUnique35png_combined.webp,unique,,一夜叢林,一夜丛林,,
reach_from_the_infinite_darkness,https://suisoko.com/Spirits/Darkness/NIUnique39png_combined.webp,unique,,黑暗之觸,黑暗之触,,
emerge_from_the_dread_night_wind,https://suisoko.com/Spirits/Darkness/NIUnique40png_combined.webp,unique,,從暗夜寒風中降臨,从暗夜寒风中降临,,
swallowed_by_the_endless_dark,https://suisoko.com/Spirits/Darkness/NIUnique38png_combined.webp,unique,,消失於無邊黑暗中,消失于无边黑暗中,,
terror_of_the_hunted,https://suisoko.com/Spirits/Darkness/NIUnique37png_combined.webp,unique,,驚弓之鳥,惊弓之鸟,,
call_on_midnights_dream,https://suisoko.com/Spirits/Bringer/BaseCards300pxiBaseUnique32png_combined.webp,unique,,呼喚午夜之夢,呼唤午夜之梦,,
dreams_of_the_dahan,https://suisoko.com/Spirits/Bringer/BaseCards300pxiBaseUnique33png_combined.webp,unique,,達漢夢境,达汉梦境,,
predatory_nightmares,https://suisoko.com/Spirits/Bringer/BaseCards300pxiBaseUnique30png_combined.webp,unique,,惡夢捕獵,恶梦捕猎,,
dread_apparitions,https://suisoko.com/Spirits/Bringer/BaseCards300pxiBaseUnique31png_combined.webp,unique,,駭人亡魂,骇人亡魂,,
inspire_a_winding_dance,https://suisoko.com/Spirits/Earthquakes/NIUnique35png_combined.webp,unique,,引領交纏之舞,引领交缠之舞,,
exaltation_of_echoed_steps,https://suisoko.com/Spirits/Earthquakes/NIUnique34png_combined.webp,unique,,踢踏迴響之樂,踢踏回响之乐,,
rumblings_portend_a_greater_quake,https://suisoko.com/Spirits/Earthquakes/NIUnique30png_combined.webp,unique,,地震前兆,地震前兆,,
radiating_tremors,https://suisoko.com/Spirits/Earthquakes/NIUnique32png_combined.webp,unique,,震顫漫延,震颤漫延,,
gift_of_seismic_energy,https://suisoko.com/Spirits/Earthquakes/NIUnique33png_combined.webp,unique,,震波的禮贈,震波的礼赠,,
resounding_footfalls_sow_dismay,https://suisoko.com/Spirits/Earthquakes/NIUnique31png_combined.webp,unique,,帶來絕望的激昂腳步,带来绝望的激昂脚步,,
gift_of_furious_might,https://suisoko.com/Spirits/Devouring_Teeth/HCards300pxiHUnique23png_combined.webp,unique,,狂暴之力的禮贈,狂暴之力的礼赠,,
herd_towards_the_lurking_maw,https://suisoko.com/Spirits/Devouring_Teeth/HCards300pxiHUnique22png_combined.webp,unique,,驅趕至潛伏大口,驱赶至潜伏大口,,
ferocious_rampage,https://suisoko.com/Spirits/Devouring_Teeth/HCards300pxiHUnique24png_combined.webp,unique,,瀦突猛進,潴突猛进,,
mark_territory_with_scars_and_teeth,https://suisoko.com/Spirits/Devouring_Teeth/HCards300pxiHUnique21png_combined.webp,unique,,爪痕齒印是地盤的標記,爪痕齿印是地盘的标记,,
unbearable_deluge,https://suisoko.com/Spirits/Downpour/FnFCards300pxiFnFUnique9png_combined.webp,unique,,衰氣豪雨,衰气豪雨,,
foundations_sink_into_mud,https://suisoko.com/Spirits/Downpour/FnFCards300pxiFnFUnique11png_combined.webp,unique,,地基陷泥沼,地基陷泥沼,,
gift_of_abundance,https://suisoko.com/Spirits/Downpour/FnFCards300pxiFnFUnique10png_combined.webp,unique,,豐饒的禮贈,丰饶的礼赠,,
dark_skies_loose_a_stinging_rain,https://suisoko.com/Spirits/Downpour/FnFCards300pxiFnFUnique8png_combined.webp,unique,,漫天鳥雲灑下如釘暴雨,漫天鸟云洒下如钉暴雨,,
exaltation_of_grasping_roots,https://suisoko.com/Spirits/Behemoth/NIUnique27png_combined.webp,unique,,葉茂根深之樂,叶茂根深之乐,,
terrifying_rampage,https://suisoko.com/Spirits/Behemoth/NIUnique25png_combined.webp,unique,,顫慄大暴走,颤栗大暴走,,
blazing_intimidation,https://suisoko.com/Spirits/Behemoth/NIUnique28png_combined.webp,unique,,熾熱威懾,炽热威慑,,
surging_lahar,https://suisoko.com/Spirits/Behemoth/NIUnique26png_combined.webp,unique,,火山泥流洪,火山泥流洪,,
boon_of_watchful_guarding,https://suisoko.com/Spirits/Eyes/HCards300pxiHUnique19png_combined.webp,unique,,守衛的恩惠,守卫的恩惠,,
whispered_guidance_through_the_night,https://suisoko.com/Spirits/Eyes/HCards300pxiHUnique16png_combined.webp,unique,,夜色下悄聲指引,夜色下悄声指引,,
mysterious_abductions,https://suisoko.com/Spirits/Eyes/HCards300pxiHUnique17png_combined.webp,unique,,神祕失蹤,神秘失踪,,
eerie_noises_and_moving_trees,https://suisoko.com/Spirits/Eyes/HCards300pxiHUnique18png_combined.webp,unique,,行走的樹木，詭異的雜音,行走的树木，诡异的杂音,,
exaltation_of_tangled_growth,https://suisoko.com/Spirits/Mud/HCards300pxiHUnique14png_combined.webp,unique,,交纏生長之樂,交缠生长之乐,,
foul_vapors_and_fetid_muck,https://suisoko.com/Spirits/Mud/HCards300pxiHUnique13png_combined.webp,unique,,薰天臭氣,薰天臭气,,
open_shifting_waterways,https://suisoko.com/Spirits/Mud/HCards300pxiHUnique11png_combined.webp,unique,,打開水道,打开水道,,
intractable_thickets_and_thorns,https://suisoko.com/Spirits/Mud/HCards300pxiHUnique12png_combined.webp,unique,,灌木荊棘牆,灌木荆棘墙,,
travelers_boon,https://suisoko.com/Spirits/Finder/FnFCards300pxiFnFUnique6png_combined.webp,unique,,旅人的恩惠,旅人的恩惠,,
paths_tied_by_nature,https://suisoko.com/Spirits/Finder/FnFCards300pxiFnFUnique3png_combined.webp,unique,,被自然相連的小徑,被自然相连的小径,,
a_circuitous_and_wending_journey,https://suisoko.com/Spirits/Finder/FnFCards300pxiFnFUnique1png_combined.webp,unique,,蜿蜒曲折的旅程,蜿蜒曲折的旅程,,
offer_passage_between_worlds,https://suisoko.com/Spirits/Finder/FnFCards300pxiFnFUnique5png_combined.webp,unique,,打開穿越世界的通道,打开穿越世界的通道,,
ways_of_shore_and_heartland,https://suisoko.com/Spirits/Finder/FnFCards300pxiFnFUnique2png_combined.webp,unique,,通向海岸和內地之路,通向海岸和内地之路,,
aid_from_the_spiritspeakers,https://suisoko.com/Spirits/Finder/FnFCards300pxiFnFUnique4png_combined.webp,unique,,靈媒的援手,灵媒的援手,,
the_past_returns_again,https://suisoko.com/Spirits/Fractured_Days/JECards300pxiJEUnique28png_combined.webp,unique,,過往重臨,过往重临,,
absolute_stasis,https://suisoko.com/Spirits/Fractured_Days/JECards300pxiJEUnique30png_combined.webp,unique,,絕對停滯,绝对停滞,,
pour_time_sideways,https://suisoko.com/Spirits/Fractured_Days/JECards300pxiJEUnique29png_combined.webp,unique,,傾瀉時光於一旁,倾泻时光于一旁,,
blur_the_arc_of_years,https://suisoko.com/Spirits/Fractured_Days/JECards300pxiJEUnique27png_combined.webp,unique,,模糊歲月的進程,模糊岁月的进程,,
unexpected_tigers,https://suisoko.com/Spirits/Trickster/JECards300pxiJEUnique50png_combined.webp,unique,,不速之虎,不速之虎,,
impersonate_authority,https://suisoko.com/Spirits/Trickster/JECards300pxiJEUnique49png_combined.webp,unique,,假冒領導,假冒领导,,
incite_the_mob,https://suisoko.com/Spirits/Trickster/JECards300pxiJEUnique48png_combined.webp,unique,,煽動暴民,煽动暴民,,
overenthusiastic_arson,https://suisoko.com/Spirits/Trickster/JECards300pxiJEUnique47png_combined.webp,unique,,縱火成癮,纵火成瘾,,
flames_fury,https://suisoko.com/Spirits/Wild_Fire/FnFCards300pxiFnFUnique19png_combined.webp,unique,,野火之怒,野火之怒,,
threatening_flames,https://suisoko.com/Spirits/Wild_Fire/FnFCards300pxiFnFUnique18png_combined.webp,unique,,熊熊大火,熊熊大火,,
flashfires,https://suisoko.com/Spirits/Wild_Fire/FnFCards300pxiFnFUnique21png_combined.webp,unique,,閃燃,闪燃,,
asphyxiating_smoke,https://suisoko.com/Spirits/Wild_Fire/FnFCards300pxiFnFUnique20png_combined.webp,unique,,致命濃煙,致命浓烟,,
surrounded_by_the_dahan,https://suisoko.com/Spirits/Hearth_Vigil/NIUnique20png_combined.webp,unique,,四面楚歌,四面楚歌,,
coordinated_raid,https://suisoko.com/Spirits/Hearth_Vigil/NIUnique22png_combined.webp,unique,,聯合突襲,联合突袭,,
favors_of_story_and_season,https://suisoko.com/Spirits/Hearth_Vigil/NIUnique21png_combined.webp,unique,,傳說與四季的恩惠,传说与四季的恩惠,,
call_to_vigilance,https://suisoko.com/Spirits/Hearth_Vigil/NIUnique23png_combined.webp,unique,,警戒的呼喚,警戒的呼唤,,
regrow_from_roots,https://suisoko.com/Spirits/Keeper/BnCCards300pxiBnCUnique8png_combined.webp,unique,,新芽萌生,新芽萌生,,
boon_of_growing_power,https://suisoko.com/Spirits/Keeper/BnCCards300pxiBnCUnique7png_combined.webp,unique,,生長的恩惠,生长的恩惠,,
sacrosanct_wilderness,https://suisoko.com/Spirits/Keeper/BnCCards300pxiBnCUnique6png_combined.webp,unique,,神聖不可侵犯之地,神圣不可侵犯之地,,
towering_wrath,https://suisoko.com/Spirits/Keeper/BnCCards300pxiBnCUnique9png_combined.webp,unique,,怒火爆發,怒火爆发,,
harbingers_of_the_lightning,https://suisoko.com/Spirits/Lightning/BaseCards300pxiBaseUnique3png_combined.webp,unique,,雷霆先鋒,雷霆先锋,,
lightnings_boon,https://suisoko.com/Spirits/Lightning/BaseCards300pxiBaseUnique2png_combined.webp,unique,,迅雷恩惠,迅雷恩惠,,
shatter_homesteads,https://suisoko.com/Spirits/Lightning/BaseCards300pxiBaseUniquepng_combined.webp,unique,,粉碎建築,粉碎建筑,,
raging_storm,https://suisoko.com/Spirits/Lightning/BaseCards300pxiBaseUnique1png_combined.webp,unique,,暴風怒吼,暴风怒吼,,
gift_of_the_untamed_wild,https://suisoko.com/Spirits/Lure/JECards300pxiJEUnique8png_combined.webp,unique,,不羈野地的禮贈,不羁野地的礼赠,,
perils_of_the_deepest_island,https://suisoko.com/Spirits/Lure/JECards300pxiJEUnique10png_combined.webp,unique,,兇險危林,凶险危林,,
swallowed_by_the_wilderness,https://suisoko.com/Spirits/Lure/JECards300pxiJEUnique7png_combined.webp,unique,,曠野來襲,旷野来袭,,
softly_beckon_ever_inward,https://suisoko.com/Spirits/Lure/JECards300pxiJEUnique9png_combined.webp,unique,,一步一步，招進深處,一步一步，招进深处,,
pursue_with_scratches_pecks_and_stings,https://suisoko.com/Spirits/Many_Minds/JECards300pxiJEUnique5png_combined.webp,unique,,釋放銳刺、尖嘴和利爪,释放锐刺、尖嘴和利爪,,
a_dreadful_tide_of_scurrying_flesh,https://suisoko.com/Spirits/Many_Minds/JECards300pxiJEUnique4png_combined.webp,unique,,流竄的駭人肉浪,流窜的骇人肉浪,,
boon_of_swarming_bedevilment,https://suisoko.com/Spirits/Many_Minds/JECards300pxiJEUnique3png_combined.webp,unique,,賜予蜇人蟲海,赐予蜇人虫海,,
guide_the_way_on_feathered_wings,https://suisoko.com/Spirits/Many_Minds/JECards300pxiJEUnique2png_combined.webp,unique,,飛翼領航,飞翼领航,,
evermultiplying_swarm,https://suisoko.com/Spirits/Many_Minds/JECards300pxiJEUnique1png_combined.webp,unique,,蟲群滋長,虫群滋长,,
call_of_the_deeps,https://suisoko.com/Spirits/Ocean/BaseCards300pxiBaseUnique25png_combined.webp,unique,,深淵的呼喚,深渊的呼唤,,
swallow_the_landdwellers,https://suisoko.com/Spirits/Ocean/BaseCards300pxiBaseUnique27png_combined.webp,unique,,吞噬陸棲者,吞噬陆栖者,,
grasping_tide,https://suisoko.com/Spirits/Ocean/BaseCards300pxiBaseUnique26png_combined.webp,unique,,潮水之爪,潮水之爪,,
tidal_boon,https://suisoko.com/Spirits/Ocean/BaseCards300pxiBaseUnique28png_combined.webp,unique,,潮汐的恩惠,潮汐的恩惠,,
blinding_glare,https://suisoko.com/Spirits/Sun/NIUnique19png_combined.webp,unique,,灼眼光暉,灼眼光晖,,
focus_the_suns_rays,https://suisoko.com/Spirits/Sun/NIUnique18png_combined.webp,unique,,凝聚的日光,凝聚的日光,,
unbearable_gaze,https://suisoko.com/Spirits/Sun/NIUnique16png_combined.webp,unique,,目光如炬,目光如炬,,
wither_bodies_scar_stones,https://suisoko.com/Spirits/Sun/NIUnique15png_combined.webp,unique,,"曬乾肉體,撕裂大地","晒干肉体,撕裂大地",,
gift_of_searing_heat,https://suisoko.com/Spirits/Rising_heat/HCards300pxiHUnique8png_combined.webp,unique,,炙熱的禮贈,炙热的礼赠,,
call_on_herders_for_aid,https://suisoko.com/Spirits/Rising_heat/HCards300pxiHUnique9png_combined.webp,unique,,召喚牧人的支援,召唤牧人的支援,,
stinging_sandstorm,https://suisoko.com/Spirits/Rising_heat/HCards300pxiHUnique7png_combined.webp,unique,,螫人沙暴,螫人沙暴,,
sweltering_exhaustion,https://suisoko.com/Spirits/Rising_heat/HCards300pxiHUnique6png_combined.webp,unique,,酷熱難耐,酷热难耐,,
boon_of_vigor,https://suisoko.com/Spirits/River/BaseCards300pxiBaseUnique7png_combined.webp,unique,,活力恩惠,活力恩惠,,
rivers_bounty,https://suisoko.com/Spirits/River/BaseCards300pxiBaseUnique8png_combined.webp,unique,,河川的恩賜,河川的恩赐,,
wash_away,https://suisoko.com/Spirits/River/BaseCards300pxiBaseUnique6png_combined.webp,unique,,沖走入侵者,冲走入侵者,,
flash_floods,https://suisoko.com/Spirits/River/BaseCards300pxiBaseUnique5png_combined.webp,unique,,暴洪,暴洪,,
gift_of_the_primordial_deeps,https://suisoko.com/Spirits/Serpent/FnFCards300pxiFnFUnique16png_combined.webp,unique,,原始深淵的禮贈,原始深渊的礼赠,,
gift_of_flowing_power,https://suisoko.com/Spirits/Serpent/FnFCards300pxiFnFUnique15png_combined.webp,unique,,流動力量的禮贈,流动力量的礼赠,,
elemental_aegis,https://suisoko.com/Spirits/Serpent/FnFCards300pxiFnFUnique13png_combined.webp,unique,,元素護盾,元素护盾,,
absorb_essence,https://suisoko.com/Spirits/Serpent/FnFCards300pxiFnFUnique14png_combined.webp,unique,,靈能吸收,灵能吸收,,
concealing_shadows,https://suisoko.com/Spirits/Shadow/BaseCards300pxiBaseUnique10png_combined.webp,unique,,陰影潛伏,阴影潜伏,,
favors_called_due,https://suisoko.com/Spirits/Shadow/BaseCards300pxiBaseUnique11png_combined.webp,unique,,償還恩情,偿还恩情,,
mantle_of_dread,https://suisoko.com/Spirits/Shadow/BaseCards300pxiBaseUnique12png_combined.webp,unique,,恐懼氣場,恐惧气场,,
crops_wither_and_fade,https://suisoko.com/Spirits/Shadow/BaseCards300pxiBaseUnique13png_combined.webp,unique,,作物枯萎凋零,作物枯萎凋零,,
too_near_the_jungle,https://suisoko.com/Spirits/Sharp_Fang/BnCCards300pxiBnCUnique3png_combined.webp,unique,,誤入叢林中,误入丛林中,,
prey_on_the_builders,https://suisoko.com/Spirits/Sharp_Fang/BnCCards300pxiBnCUnique1png_combined.webp,unique,,獵殺建築工,猎杀建筑工,,
teeth_gleam_from_darkness,https://suisoko.com/Spirits/Sharp_Fang/BnCCards300pxiBnCUnique4png_combined.webp,unique,,月下利齒,月下利齿,,
terrifying_chase,https://suisoko.com/Spirits/Sharp_Fang/BnCCards300pxiBnCUnique2png_combined.webp,unique,,驚魂追緝,惊魂追缉,,
elemental_teachings,https://suisoko.com/Spirits/Memory/JECards300pxiJEUnique24png_combined.webp,unique,,元素指導,元素指导,,
share_secrets_of_survival,https://suisoko.com/Spirits/Memory/JECards300pxiJEUnique23png_combined.webp,unique,,傳授生存的祕訣,传授生存的秘诀,,
study_the_invaders_fears,https://suisoko.com/Spirits/Memory/JECards300pxiJEUnique22png_combined.webp,unique,,研究入侵者的弱點,研究入侵者的弱点,,
boon_of_ancient_memories,https://suisoko.com/Spirits/Memory/JECards300pxiJEUnique25png_combined.webp,unique,,遠古記憶的恩惠,远古记忆的恩惠,,
flowing_and_silent_forms_dart_by,https://suisoko.com/Spirits/Mist/JECards300pxiJEUnique37png_combined.webp,unique,,沉默之形掠過空氣,沉默之形掠过空气,,
the_fog_closes_in,https://suisoko.com/Spirits/Mist/JECards300pxiJEUnique39png_combined.webp,unique,,霧霾逼進,雾霾逼进,,
unnerving_pall,https://suisoko.com/Spirits/Mist/JECards300pxiJEUnique38png_combined.webp,unique,,不安的幽暗氛圍,不安的幽暗氛围,,
dissolving_vapors,https://suisoko.com/Spirits/Mist/JECards300pxiJEUnique40png_combined.webp,unique,,侵蝕之汽,侵蚀之汽,,
gather_the_scattered_light_of_stars,https://suisoko.com/Spirits/Starlight/JECards300pxiJEUnique19png_combined.webp,unique,,收集四散之星光,收集四散之星光,,
shape_the_self_anew,https://suisoko.com/Spirits/Starlight/JECards300pxiJEUnique18png_combined.webp,unique,,創造新自我,创造新自我,,
boon_of_reimagining,https://suisoko.com/Spirits/Starlight/JECards300pxiJEUnique20png_combined.webp,unique,,重塑的恩惠,重塑的恩惠,,
peace_of_the_nighttime_sky,https://suisoko.com/Spirits/Starlight/JECards300pxiJEUnique17png_combined.webp,unique,,祥和夜空,祥和夜空,,
jagged_shards_push_from_the_earth,https://suisoko.com/Spirits/Stone/JECards300pxiJEUnique13png_combined.webp,unique,,尖石破地突出,尖石破地突出,,
stubborn_solidity,https://suisoko.com/Spirits/Stone/JECards300pxiJEUnique12png_combined.webp,unique,,堅實身心,坚实身心,,
scarred_and_stony_land,https://suisoko.com/Spirits/Stone/JECards300pxiJEUnique15png_combined.webp,unique,,滿佈傷痕與岩塊的大地,满布伤痕与岩块的大地,,
plows_shatter_on_rocky_ground,https://suisoko.com/Spirits/Stone/JECards300pxiJEUnique14png_combined.webp,unique,,石化農田碎鐵犁,石化农田碎铁犁,,
gift_of_the_sunlit_air,https://suisoko.com/Spirits/Whirlwind/HCards300pxiHUnique4png_combined.webp,unique,,朝氣的禮贈,朝气的礼赠,,
gift_of_windsped_steps,https://suisoko.com/Spirits/Whirlwind/HCards300pxiHUnique3png_combined.webp,unique,,疾風的禮贈,疾风的礼赠,,
scatter_to_the_winds,https://suisoko.com/Spirits/Whirlwind/HCards300pxiHUnique2png_combined.webp,unique,,散落風中,散落风中,,
tempest_of_leaves_and_branches,https://suisoko.com/Spirits/Whirlwind/HCards300pxiHUnique1png_combined.webp,unique,,樹葉風暴,树叶风暴,,
voice_of_thunder,https://suisoko.com/Spirits/Thunderspeaker/BaseCards300pxiBaseUnique23png_combined.webp,unique,,雷霆之聲,雷霆之声,,
words_of_warning,https://suisoko.com/Spirits/Thunderspeaker/BaseCards300pxiBaseUnique21png_combined.webp,unique,,警覺之聲,警觉之声,,
sudden_ambush,https://suisoko.com/Spirits/Thunderspeaker/BaseCards300pxiBaseUnique22png_combined.webp,unique,,伏擊,伏击,,
manifestation_of_power_and_glory,https://suisoko.com/Spirits/Thunderspeaker/BaseCards300pxiBaseUnique20png_combined.webp,unique,,力與榮臞的象徵,力与荣臞的象征,,
blooming_of_the_rocks_and_trees,https://suisoko.com/Spirits/Towering_Roots/NIUnique13png_combined.webp,unique,,昌盛的岩石和樹木,昌盛的岩石和树木,,
boon_of_resilient_power,https://suisoko.com/Spirits/Towering_Roots/NIUnique12png_combined.webp,unique,,強韌的恩惠,强韧的恩惠,,
entwine_the_fates_of_all,https://suisoko.com/Spirits/Towering_Roots/NIUnique11png_combined.webp,unique,,交織眾生命運,交织众生命运,,
radiant_and_hallowed_grove,https://suisoko.com/Spirits/Towering_Roots/NIUnique10png_combined.webp,unique,,神聖靈性之地,神圣灵性之地,,
fiery_vengeance,https://suisoko.com/Spirits/Plague/JECards300pxiJEUnique35png_combined.webp,unique,,復仇烈焰,复仇烈焰,,
plaguebearers,https://suisoko.com/Spirits/Plague/JECards300pxiJEUnique34png_combined.webp,unique,,瘟疫帶原者,瘟疫带原者,,
fetid_breath_spreads_infection,https://suisoko.com/Spirits/Plague/JECards300pxiJEUnique33png_combined.webp,unique,,呼出散播疫情的惡臭,呼出散播疫情的恶臭,,
strike_low_with_sudden_fevers,https://suisoko.com/Spirits/Plague/JECards300pxiJEUnique32png_combined.webp,unique,,突如其來的高燒,突如其来的高烧,,
draw_of_the_fruitful_earth,https://suisoko.com/Spirits/Earth/BaseCards300pxiBaseUnique18png_combined.webp,unique,,豐饒大地的吸引,丰饶大地的吸引,,
guard_the_healing_land,https://suisoko.com/Spirits/Earth/BaseCards300pxiBaseUnique15png_combined.webp,unique,,守護療傷之地,守护疗伤之地,,
a_year_of_perfect_stillness,https://suisoko.com/Spirits/Earth/BaseCards300pxiBaseUnique16png_combined.webp,unique,,完全靜止的光陰,完全静止的光阴,,
rituals_of_destruction,https://suisoko.com/Spirits/Earth/BaseCards300pxiBaseUnique17png_combined.webp,unique,,破敵儀式,破敌仪式,,
lava_flows,https://suisoko.com/Spirits/Volcano/JECards300pxiJEUnique44png_combined.webp,unique,,岩漿奔騰,岩浆奔腾,,
exaltation_of_molten_stone,https://suisoko.com/Spirits/Volcano/JECards300pxiJEUnique43png_combined.webp,unique,,熔岩狂喜,熔岩狂喜,,
rain_of_ash,https://suisoko.com/Spirits/Volcano/JECards300pxiJEUnique45png_combined.webp,unique,,灰燼之雨,灰烬之雨,,
pyroclastic_bombardment,https://suisoko.com/Spirits/Volcano/JECards300pxiJEUnique42png_combined.webp,unique,,火石轟炸,火石轰炸,,
exhale_confusion_and_delirium,https://suisoko.com/Spirits/Wandering_Voice/NIUnique8png_combined.webp,unique,,困惑和譫妄之音,困惑和谵妄之音,,
turmoils_touch,https://suisoko.com/Spirits/Wandering_Voice/NIUnique6png_combined.webp,unique,,騷亂之觸,骚乱之触,,
frightful_keening,https://suisoko.com/Spirits/Wandering_Voice/NIUnique7png_combined.webp,unique,,驚魂低鳴,惊魂低鸣,,
twist_perceptions,https://suisoko.com/Spirits/Wandering_Voice/NIUnique5png_combined.webp,unique,,認知扭曲,认知扭曲,,
blood_water_and_bloodlust,https://suisoko.com/Spirits/Wounded_Waters/NIUnique3png_combined.webp,unique,,血腥味與嗜血猛獸,血腥味与嗜血猛兽,,
boon_of_corrupted_blood,https://suisoko.com/Spirits/Wounded_Waters/NIUnique2png_combined.webp,unique,,惡血恩惠,恶血恩惠,,
draw_to_the_waters_edge,https://suisoko.com/Spirits/Wounded_Waters/NIUnique1png_combined.webp,unique,,湖濱吸引力,湖滨吸引力,,
wrack_with_pain_and_grief,https://suisoko.com/Spirits/Wounded_Waters/NIUniquepng_combined.webp,unique,,悲痛一擊,悲痛一击,,
savage_mawbeasts,https://suisoko.com/Minor_Power_Cards/Base/HCards300pxiHMinor8png_combined.webp,minor,,兇猛裂齒獸,凶猛裂齿兽
shadows_of_the_burning_forest,https://suisoko.com/Minor_Power_Cards/Base/HCards300pxiHMinor7png_combined.webp,minor,,火燒林之影,火烧林之影
sap_the_strength_of_multitudes,https://suisoko.com/Minor_Power_Cards/Base/HCards300pxiHMinor9png_combined.webp,minor,,精力消逝,精力消逝
drift_down_into_slumber,https://suisoko.com/Minor_Power_Cards/Base/HCards300pxiHMinor28png_combined.webp,minor,,輕哄入眠,轻哄入眠
land_of_haunts_and_embers,https://suisoko.com/Minor_Power_Cards/Base/HCards300pxiHMinor18png_combined.webp,minor,,鬼魅與餘燼之地,鬼魅与余烬之地
call_to_isolation,https://suisoko.com/Minor_Power_Cards/Base/HCards300pxiHMinor34png_combined.webp,minor,,隱世的呼喚,隐世的呼唤
gift_of_constancy,https://suisoko.com/Minor_Power_Cards/Base/HCards300pxiHMinor22png_combined.webp,minor,,恆定的禮贈,恒定的礼赠
enticing_splendor,https://suisoko.com/Minor_Power_Cards/Base/HCards300pxiHMinor24png_combined.webp,minor,,風景名勝,风景名胜
gift_of_living_energy,https://suisoko.com/Minor_Power_Cards/Base/HCards300pxiHMinor21png_combined.webp,minor,,氣的禮贈,气的礼赠
gift_of_power,https://suisoko.com/Minor_Power_Cards/Base/HCards300pxiHMinor20png_combined.webp,minor,,力量的禮贈,力量的礼赠
gnawing_rootbiters,https://suisoko.com/Minor_Power_Cards/Base/HCards300pxiHMinor19png_combined.webp,minor,,根莖啃蝕者,根茎啃蚀者
lure_of_the_unknown,https://suisoko.com/Minor_Power_Cards/Base/HCards300pxiHMinor17png_combined.webp,minor,,未知的誘惑,未知的诱惑
rain_of_blood,https://suisoko.com/Minor_Power_Cards/Base/HCards300pxiHMinor12png_combined.webp,minor,,血雨,血雨
reaching_grasp,https://suisoko.com/Minor_Power_Cards/Base/HCards300pxiHMinor11png_combined.webp,minor,,奮起一躍,奋起一跃
golds_allure,https://suisoko.com/Minor_Power_Cards/BnC/BnCCards300pxiBnCMinor28png_combined.webp,minor,,黃金的誘惑,黄金的诱惑
here_there_be_monsters,https://suisoko.com/Minor_Power_Cards/BnC/BnCCards300pxiBnCMinor26png_combined.webp,minor,,怪物現身,怪物现身
portents_of_disaster,https://suisoko.com/Minor_Power_Cards/BnC/BnCCards300pxiBnCMinor23png_combined.webp,minor,,災厄的徵兆,灾厄的征兆
growth_through_sacrifice,https://suisoko.com/Minor_Power_Cards/BnC/BnCCards300pxiBnCMinor17png_combined.webp,minor,,置之死地而後生,置之死地而后生
swarming_wasps,https://suisoko.com/Minor_Power_Cards/BnC/BnCCards300pxiBnCMinor14png_combined.webp,minor,,蜂擁而至,蜂拥而至
animated_wrackroot,https://suisoko.com/Minor_Power_Cards/BnC/BnCCards300pxiBnCMinor12png_combined.webp,minor,,戰闘叢林,战闘丛林
promises_of_protection,https://suisoko.com/Minor_Power_Cards/BnC/BnCCards300pxiBnCMinor11png_combined.webp,minor,,守護的承諾,守护的承诺
call_to_ferocity,https://suisoko.com/Minor_Power_Cards/BnC/BnCCards300pxiBnCMinor10png_combined.webp,minor,,驍勇的呼喚,骁勇的呼唤
twilight_fog_brings_madness,https://suisoko.com/Minor_Power_Cards/BnC/BnCCards300pxiBnCMinor3png_combined.webp,minor,,暮下霧裡人發狂,暮下雾里人发狂
hazards_spread_across_the_island,https://suisoko.com/Minor_Power_Cards/JE/JECards300pxiJEMinor33png_combined.webp,minor,,災害散佈大地,灾害散布大地
carapaced_land,https://suisoko.com/Minor_Power_Cards/JE/JECards300pxiJEMinor29png_combined.webp,minor,,甲殼地帶,甲壳地带
call_to_guard,https://suisoko.com/Minor_Power_Cards/JE/JECards300pxiJEMinor28png_combined.webp,minor,,防衛的呼喚,防卫的呼唤
gift_of_natures_connection,https://suisoko.com/Minor_Power_Cards/JE/JECards300pxiJEMinor25png_combined.webp,minor,,聯繫自然的禮贈,联系自然的礼赠
mesmerized_tranquility,https://suisoko.com/Minor_Power_Cards/JE/JECards300pxiJEMinor16png_combined.webp,minor,,幻惑安寧,幻惑安宁
territorial_strife,https://suisoko.com/Minor_Power_Cards/JE/JECards300pxiJEMinor15png_combined.webp,minor,,領地糾紛,领地纠纷
sear_anger_into_the_wild_lands,https://suisoko.com/Minor_Power_Cards/JE/JECards300pxiJEMinor12png_combined.webp,minor,,將憤怒烙入荒野,将愤怒烙入荒野
strong_and_constant_currents,https://suisoko.com/Minor_Power_Cards/JE/JECards300pxiJEMinor10png_combined.webp,minor,,強而穩定的洋流,强而稳定的洋流
sucking_ooze,https://suisoko.com/Minor_Power_Cards/JE/JECards300pxiJEMinor9png_combined.webp,minor,,吮物黏液,吮物黏液
terror_turns_to_madness,https://suisoko.com/Minor_Power_Cards/JE/JECards300pxiJEMinor7png_combined.webp,minor,,恐懼生瘋狂,恐惧生疯狂
treacherous_waterways,https://suisoko.com/Minor_Power_Cards/JE/JECards300pxiJEMinor4png_combined.webp,minor,,驚濤駭浪,惊涛骇浪
flow_downriver_blow_downwind,https://suisoko.com/Minor_Power_Cards/JE/JECards300pxiJEMinor3png_combined.webp,minor,,順流而下，順風而行,顺流而下，顺风而行
weep_for_what_is_lost,https://suisoko.com/Minor_Power_Cards/JE/JECards300pxiJEMinor2png_combined.webp,minor,,哀悼逝去之物,哀悼逝去之物
roiling_bog_and_snagging_thorn,https://suisoko.com/Minor_Power_Cards/NI/Roiling_Bog_and_Snagging_Thorn_combined.webp,minor,,洶湧的沼澤，撓人的棘刺,汹涌的沼泽，挠人的棘刺
voracious_growth,https://suisoko.com/Minor_Power_Cards/Base/HCards300pxiHMinor1png_combined.webp,minor,,漫天生長,漫天生长
rouse_the_trees_and_stones,https://suisoko.com/Minor_Power_Cards/Base/HCards300pxiHMinor10png_combined.webp,minor,,召集樹木與岩石,召集树木与岩石
encompassing_ward,https://suisoko.com/Minor_Power_Cards/Base/HCards300pxiHMinor25png_combined.webp,minor,,防禦結界,防御结界
song_of_sanctity,https://suisoko.com/Minor_Power_Cards/Base/HCards300pxiHMinor6png_combined.webp,minor,,聖潔頌歌,圣洁颂歌
uncanny_melting,https://suisoko.com/Minor_Power_Cards/Base/HCards300pxiHMinor4png_combined.webp,minor,,詭異溶解,诡异溶解
steam_vents,https://suisoko.com/Minor_Power_Cards/Base/HCards300pxiHMinor5png_combined.webp,minor,,蒸氣噴口,蒸气喷口
veil_the_nights_hunt,https://suisoko.com/Minor_Power_Cards/Base/HCards300pxiHMinor3png_combined.webp,minor,,隱祕夜襲,隐秘夜袭
elemental_boon,https://suisoko.com/Minor_Power_Cards/Base/HCards300pxiHMinor26png_combined.webp,minor,,元素的恩惠,元素的恩惠
devouring_ants,https://suisoko.com/Minor_Power_Cards/Base/HCards300pxiHMinor29png_combined.webp,minor,,螞蟻雄兵,蚂蚁雄兵
dark_and_tangled_woods,https://suisoko.com/Minor_Power_Cards/Base/HCards300pxiHMinor31png_combined.webp,minor,,黑暗密林,黑暗密林
natures_resilience,https://suisoko.com/Minor_Power_Cards/Base/HCards300pxiHMinor16png_combined.webp,minor,,自然的強韌,自然的强韧
visions_of_fiery_doom,https://suisoko.com/Minor_Power_Cards/Base/HCards300pxiHMinor2png_combined.webp,minor,,預見祝融,预见祝融
pull_beneath_the_hungry_earth,https://suisoko.com/Minor_Power_Cards/Base/HCards300pxiHMinor15png_combined.webp,minor,,地表大口吸,地表大口吸
call_of_the_dahan_ways,https://suisoko.com/Minor_Power_Cards/Base/HCards300pxiHMinor36png_combined.webp,minor,,達漢文明的呼喚,达汉文明的呼唤
call_to_bloodshed,https://suisoko.com/Minor_Power_Cards/Base/HCards300pxiHMinor35png_combined.webp,minor,,血戰的呼喚,血战的呼唤
call_to_migrate,https://suisoko.com/Minor_Power_Cards/Base/HCards300pxiHMinor33png_combined.webp,minor,,遷徙的呼喚,迁徙的呼唤
call_to_tend,https://suisoko.com/Minor_Power_Cards/Base/HCards300pxiHMinor32png_combined.webp,minor,,照護的呼喚,照护的呼唤
quicken_the_earths_struggles,https://suisoko.com/Minor_Power_Cards/Base/HCards300pxiHMinor13png_combined.webp,minor,,地靈挺身,地灵挺身
delusions_of_danger,https://suisoko.com/Minor_Power_Cards/Base/HCards300pxiHMinor30png_combined.webp,minor,,被害妄想,被害妄想
drought,https://suisoko.com/Minor_Power_Cards/Base/HCards300pxiHMinor27png_combined.webp,minor,,旱災,旱灾
entrancing_apparitions,https://suisoko.com/Minor_Power_Cards/Base/HCards300pxiHMinor23png_combined.webp,minor,,迷人幽靈,迷人幽灵
purifying_flame,https://suisoko.com/Minor_Power_Cards/Base/HCards300pxiHMinor14png_combined.webp,minor,,淨化之火,净化之火
inflame_the_fires_of_life,https://suisoko.com/Minor_Power_Cards/BnC/BnCCards300pxiBnCMinor31png_combined.webp,minor,,怒火上澆油,怒火上浇油
fire_in_the_sky,https://suisoko.com/Minor_Power_Cards/BnC/BnCCards300pxiBnCMinor30png_combined.webp,minor,,天火,天火
fleshrot_fever,https://suisoko.com/Minor_Power_Cards/BnC/BnCCards300pxiBnCMinor29png_combined.webp,minor,,融肌症,融肌症
guardian_serpents,https://suisoko.com/Minor_Power_Cards/BnC/BnCCards300pxiBnCMinor27png_combined.webp,minor,,守護靈蛇,守护灵蛇
infested_aquifers,https://suisoko.com/Minor_Power_Cards/BnC/BnCCards300pxiBnCMinor25png_combined.webp,minor,,地下水毒素,地下水毒素
poisoned_dew,https://suisoko.com/Minor_Power_Cards/BnC/BnCCards300pxiBnCMinor24png_combined.webp,minor,,毒露,毒露
prowling_panthers,https://suisoko.com/Minor_Power_Cards/BnC/BnCCards300pxiBnCMinor22png_combined.webp,minor,,獵豹潛巡,猎豹潜巡
renewing_rain,https://suisoko.com/Minor_Power_Cards/BnC/BnCCards300pxiBnCMinor21png_combined.webp,minor,,復甦之雨,复苏之雨
rites_of_the_lands_rejection,https://suisoko.com/Minor_Power_Cards/BnC/BnCCards300pxiBnCMinor20png_combined.webp,minor,,退敵儀式,退敌仪式
pact_of_the_joined_hunt,https://suisoko.com/Minor_Power_Cards/BnC/BnCCards300pxiBnCMinor19png_combined.webp,minor,,狩獵盟約,狩猎盟约
razorsharp_undergrowth,https://suisoko.com/Minor_Power_Cards/BnC/BnCCards300pxiBnCMinor18png_combined.webp,minor,,銳葉灌木叢,锐叶灌木丛
scour_the_land,https://suisoko.com/Minor_Power_Cards/BnC/BnCCards300pxiBnCMinor16png_combined.webp,minor,,磨砂,磨砂
sky_stretches_to_shore,https://suisoko.com/Minor_Power_Cards/BnC/BnCCards300pxiBnCMinor15png_combined.webp,minor,,海天包圍網,海天包围网
absorb_corruption,https://suisoko.com/Minor_Power_Cards/BnC/BnCCards300pxiBnCMinor13png_combined.webp,minor,,吸收潰爛,吸收溃烂
call_to_trade,https://suisoko.com/Minor_Power_Cards/BnC/BnCCards300pxiBnCMinor9png_combined.webp,minor,,貿易的呼喚,贸易的呼唤
confounding_mists,https://suisoko.com/Minor_Power_Cards/BnC/BnCCards300pxiBnCMinor8png_combined.webp,minor,,霧中迷途,雾中迷途
cycles_of_time_and_tide,https://suisoko.com/Minor_Power_Cards/BnC/BnCCards300pxiBnCMinor7png_combined.webp,minor,,光陰與潮汐之輪,光阴与潮汐之轮
disorienting_landscape,https://suisoko.com/Minor_Power_Cards/BnC/BnCCards300pxiBnCMinor6png_combined.webp,minor,,目眩光景,目眩光景
elusive_ambushes,https://suisoko.com/Minor_Power_Cards/BnC/BnCCards300pxiBnCMinor5png_combined.webp,minor,,神出鬼沒,神出鬼没
tormenting_rotflies,https://suisoko.com/Minor_Power_Cards/BnC/BnCCards300pxiBnCMinor4png_combined.webp,minor,,虐人瘴蠅,虐人瘴蝇
teeming_rivers,https://suisoko.com/Minor_Power_Cards/BnC/BnCCards300pxiBnCMinor2png_combined.webp,minor,,豐饒之河,丰饶之河
spur_on_with_words_of_fire,https://suisoko.com/Minor_Power_Cards/BnC/BnCCards300pxiBnCMinor1png_combined.webp,minor,,斥聲激勵,斥声激励
bats_scout_for_raids_by_darkness,https://suisoko.com/Minor_Power_Cards/JE/JECards300pxiJEMinor32png_combined.webp,minor,,蝙蝠為夜襲探路,蝙蝠为夜袭探路
birds_cry_warning,https://suisoko.com/Minor_Power_Cards/JE/JECards300pxiJEMinor31png_combined.webp,minor,,鳥兒示警,鸟儿示警
blood_draws_predators,https://suisoko.com/Minor_Power_Cards/JE/JECards300pxiJEMinor30png_combined.webp,minor,,鮮血招來掠食者,鲜血招来掠食者
desiccating_winds,https://suisoko.com/Minor_Power_Cards/JE/JECards300pxiJEMinor27png_combined.webp,minor,,焚風,焚风
dry_wood_explodes_in_smoldering_splinters,https://suisoko.com/Minor_Power_Cards/JE/JECards300pxiJEMinor26png_combined.webp,minor,,枯木爆破為燃燒的利刺,枯木爆破为燃烧的利刺
entrap_the_forces_of_corruption,https://suisoko.com/Minor_Power_Cards/JE/JECards300pxiJEMinor24png_combined.webp,minor,,圍捕腐敗能量,围捕腐败能量
domesticated_animals_go_berserk,https://suisoko.com/Minor_Power_Cards/JE/JECards300pxiJEMinor23png_combined.webp,minor,,牲口發狂,牲口发狂
dire_metamorphosis,https://suisoko.com/Minor_Power_Cards/JE/JECards300pxiJEMinor22png_combined.webp,minor,,劇裂變態,剧裂变态
skies_herald_the_season_of_return,https://suisoko.com/Minor_Power_Cards/JE/JECards300pxiJEMinor21png_combined.webp,minor,,天空預告了回歸的季節,天空预告了回归的季节
gift_of_twinned_days,https://suisoko.com/Minor_Power_Cards/JE/JECards300pxiJEMinor20png_combined.webp,minor,,孿生世界的禮贈,孪生世界的礼赠
haunted_by_primal_memories,https://suisoko.com/Minor_Power_Cards/JE/JECards300pxiJEMinor19png_combined.webp,minor,,上古回憶之魂騷動,上古回忆之魂骚动
like_calls_to_like,https://suisoko.com/Minor_Power_Cards/JE/JECards300pxiJEMinor18png_combined.webp,minor,,物以類聚,物以类聚
unquenchable_flames,https://suisoko.com/Minor_Power_Cards/JE/JECards300pxiJEMinor17png_combined.webp,minor,,不滅烈焱,不灭烈焱
renewing_boon,https://suisoko.com/Minor_Power_Cards/JE/JECards300pxiJEMinor14png_combined.webp,minor,,復生恩惠,复生恩惠
scream_disease_into_the_wind,https://suisoko.com/Minor_Power_Cards/JE/JECards300pxiJEMinor13png_combined.webp,minor,,向風中噴射疾病,向风中喷射疾病
set_them_on_an_evertwisting_trail,https://suisoko.com/Minor_Power_Cards/JE/JECards300pxiJEMinor11png_combined.webp,minor,,領他們入百變小徑,领他们入百变小径
sunsets_fire_flows_across_the_land,https://suisoko.com/Minor_Power_Cards/JE/JECards300pxiJEMinor8png_combined.webp,minor,,晚霞之火覆蓋大地,晚霞之火覆盖大地
the_shore_seethes_with_hatred,https://suisoko.com/Minor_Power_Cards/JE/JECards300pxiJEMinor6png_combined.webp,minor,,義憤海岸,义愤海岸
thriving_chokefungus,https://suisoko.com/Minor_Power_Cards/JE/JECards300pxiJEMinor5png_combined.webp,minor,,真菌萋萋,真菌萋萋
favor_of_the_sun_and_starlit_dark,https://suisoko.com/Minor_Power_Cards/JE/JECards300pxiJEMinor1png_combined.webp,minor,,驕陽與星光的恩寵,骄阳与星光的恩宠
the_trees_and_stones_speak_of_war,https://suisoko.com/Major_Power_Cards/Base/HCards300pxiHMajor6png_combined.webp,major,,樹木岩石預見了戰爭,树木岩石预见了战争
entwined_power,https://suisoko.com/Major_Power_Cards/Base/HCards300pxiHMajor18png_combined.webp,major,,靈子糾纏,灵子纠缠
flow_like_water_reach_like_air,https://suisoko.com/Major_Power_Cards/BnC/BnCCards300pxiBnCMajor13png_combined.webp,major,,靈活如水，迅疾如風,灵活如水，迅疾如风
savage_transformation,https://suisoko.com/Major_Power_Cards/BnC/BnCCards300pxiBnCMajor10png_combined.webp,major,,獸化,兽化
tigers_hunting,https://suisoko.com/Major_Power_Cards/BnC/BnCCards300pxiBnCMajor8png_combined.webp,major,,猛虎狩獵,猛虎狩猎
unleash_a_torrent_of_the_selfs_own_essence,https://suisoko.com/Major_Power_Cards/JE/JECards300pxiJEMajor18png_combined.webp,major,,能量衝擊,能量冲击
bargains_of_power_and_protection,https://suisoko.com/Major_Power_Cards/JE/JECards300pxiJEMajor17png_combined.webp,major,,力與守護的協議,力与守护的协议
bargain_of_coursing_paths,https://suisoko.com/Major_Power_Cards/NI/NIMajor12png_combined.webp,major,,打通捷徑的協議,打通捷径的协议
bombard_with_boulders_and_stinging_seeds,https://suisoko.com/Major_Power_Cards/NI/NIMajor11png_combined.webp,major,,尖芽和巨石從天而降,尖芽和巨石从天而降
poisoned_land,https://suisoko.com/Major_Power_Cards/Base/HCards300pxiHMajor12png_combined.webp,major,,劇毒地帶,剧毒地带
powerstorm,https://suisoko.com/Major_Power_Cards/Base/HCards300pxiHMajor11png_combined.webp,major,,力量風暴,力量风暴
the_jungle_hungers,https://suisoko.com/Major_Power_Cards/Base/HCards300pxiHMajor8png_combined.webp,major,,叢林反噬,丛林反噬
vigor_of_the_breaking_dawn,https://suisoko.com/Major_Power_Cards/Base/HCards300pxiHMajor3png_combined.webp,major,,拂曉出擊,拂晓出击
vengeance_of_the_dead,https://suisoko.com/Major_Power_Cards/Base/HCards300pxiHMajor4png_combined.webp,major,,亡者尋仇,亡者寻仇
wrap_in_wings_of_sunlight,https://suisoko.com/Major_Power_Cards/Base/HCards300pxiHMajor1png_combined.webp,major,,日光羽翼裹身,日光羽翼裹身
winds_of_rust_and_atrophy,https://suisoko.com/Major_Power_Cards/Base/HCards300pxiHMajor2png_combined.webp,major,,乾涸蝕物之風,干涸蚀物之风
infinite_vitality,https://suisoko.com/Major_Power_Cards/Base/HCards300pxiHMajor16png_combined.webp,major,,不滅生息,不灭生息
pentup_calamity,https://suisoko.com/Major_Power_Cards/BnC/BnCCards300pxiBnCMajor12png_combined.webp,major,,積壓的禍根,积压的祸根
pyroclastic_flow,https://suisoko.com/Major_Power_Cards/BnC/BnCCards300pxiBnCMajor11png_combined.webp,major,,火山碎屑流,火山碎屑流
smothering_infestation,https://suisoko.com/Major_Power_Cards/BnC/BnCCards300pxiBnCMajor3png_combined.webp,major,,疫源蔽日,疫源蔽日
angry_bears,https://suisoko.com/Major_Power_Cards/JE/JECards300pxiJEMajor21png_combined.webp,major,,憤怒的熊群,愤怒的熊群
vanish_softly_away_forgotten_by_all,https://suisoko.com/Major_Power_Cards/JE/JECards300pxiJEMajor19png_combined.webp,major,,緩緩逝去直到被所有人遺忘,缓缓逝去直到被所有人遗忘
settle_into_huntinggrounds,https://suisoko.com/Major_Power_Cards/JE/JECards300pxiJEMajor15png_combined.webp,major,,移居狩獵場,移居狩猎场
voice_of_command,https://suisoko.com/Major_Power_Cards/JE/JECards300pxiJEMajor13png_combined.webp,major,,號令之聲,号令之声
stormswath,https://suisoko.com/Major_Power_Cards/JE/JECards300pxiJEMajor9png_combined.webp,major,,暴風帶,暴风带
sleep_and_never_waken,https://suisoko.com/Major_Power_Cards/JE/JECards300pxiJEMajor6png_combined.webp,major,,一睡不醒,一睡不醒
trees_radiate_celestial_brilliance,https://suisoko.com/Major_Power_Cards/JE/JECards300pxiJEMajor4png_combined.webp,major,,森林散發宇宙奧祕,森林散发宇宙奥秘
thickets_erupt_with_every_touch_of_breeze,https://suisoko.com/Major_Power_Cards/JE/JECards300pxiJEMajor3png_combined.webp,major,,微風起灌木迸發,微风起灌木迸发
flocking_redtalons,https://suisoko.com/Major_Power_Cards/NI/NIMajor9png_combined.webp,major,,血色利爪群,血色利爪群
ravaged_undergrowth_slithers_back_to_life,https://suisoko.com/Major_Power_Cards/NI/NIMajor5png_combined.webp,major,,草木甦生,草木苏生
transformative_sacrifice,https://suisoko.com/Major_Power_Cards/NI/NIMajor2png_combined.webp,major,,從犧牲中蛻變,从牺牲中蜕变
accelerated_rot,https://suisoko.com/Major_Power_Cards/Base/HCards300pxiHMajor22png_combined.webp,major,,高速分解,高速分解
terrifying_nightmares,https://suisoko.com/Major_Power_Cards/Base/HCards300pxiHMajor9png_combined.webp,major,,驚魂駭魘,惊魂骇魇
paralyzing_fright,https://suisoko.com/Major_Power_Cards/Base/HCards300pxiHMajor14png_combined.webp,major,,恐懼壓身,恐惧压身
the_land_thrashes_in_furious_pain,https://suisoko.com/Major_Power_Cards/Base/HCards300pxiHMajor7png_combined.webp,major,,痛苦翻騰的大地,痛苦翻腾的大地
indomitable_claim,https://suisoko.com/Major_Power_Cards/Base/HCards300pxiHMajor17png_combined.webp,major,,不屈之邑,不屈之邑
mists_of_oblivion,https://suisoko.com/Major_Power_Cards/Base/HCards300pxiHMajor15png_combined.webp,major,,湮散之霧,湮散之雾
dissolve_the_bonds_of_kinship,https://suisoko.com/Major_Power_Cards/Base/HCards300pxiHMajor19png_combined.webp,major,,挑撥離間,挑拨离间
strangling_firevine,https://suisoko.com/Major_Power_Cards/BnC/BnCCards300pxiBnCMajor21png_combined.webp,major,,絞人裂藤,绞人裂藤
bloodwrack_plague,https://suisoko.com/Major_Power_Cards/BnC/BnCCards300pxiBnCMajor20png_combined.webp,major,,血瘟,血瘟
death_falls_gently_from_open_blossoms,https://suisoko.com/Major_Power_Cards/BnC/BnCCards300pxiBnCMajor18png_combined.webp,major,,"盛開的花朵,散落的死亡","盛开的花朵,散落的死亡"
grant_hatred_a_ravenous_form,https://suisoko.com/Major_Power_Cards/BnC/BnCCards300pxiBnCMajor16png_combined.webp,major,,貪婪復仇者,贪婪复仇者
insatiable_hunger_of_the_swarm,https://suisoko.com/Major_Power_Cards/BnC/BnCCards300pxiBnCMajor15png_combined.webp,major,,飢餓蟲群,饥饿虫群
instruments_of_their_own_ruin,https://suisoko.com/Major_Power_Cards/BnC/BnCCards300pxiBnCMajor14png_combined.webp,major,,吹奏自相殘殺的號角,吹奏自相残杀的号角
unrelenting_growth,https://suisoko.com/Major_Power_Cards/BnC/BnCCards300pxiBnCMajor7png_combined.webp,major,,漫生如火,漫生如火
sweep_into_the_sea,https://suisoko.com/Major_Power_Cards/BnC/BnCCards300pxiBnCMajor5png_combined.webp,major,,橫掃入海,横扫入海
unlock_the_gates_of_deepest_power,https://suisoko.com/Major_Power_Cards/BnC/BnCCards300pxiBnCMajor1png_combined.webp,major,,釋放深沉潛藏之力,释放深沉潜藏之力
forests_of_living_obsidian,https://suisoko.com/Major_Power_Cards/JE/JECards300pxiJEMajor24png_combined.webp,major,,黑耀石森林,黑耀石森林
infestation_of_venomous_spiders,https://suisoko.com/Major_Power_Cards/JE/JECards300pxiJEMajor23png_combined.webp,major,,毒蜘蛛入侵,毒蜘蛛入侵
walls_of_rock_and_thorn,https://suisoko.com/Major_Power_Cards/JE/JECards300pxiJEMajor14png_combined.webp,major,,荊棘巨石牆,荆棘巨石墙
the_wounded_wild_turns_on_its_assailants,https://suisoko.com/Major_Power_Cards/JE/JECards300pxiJEMajor11png_combined.webp,major,,傷野反撲,伤野反扑
utter_a_curse_of_dread_and_bone,https://suisoko.com/Major_Power_Cards/JE/JECards300pxiJEMajor7png_combined.webp,major,,傾訴白骨和慌憂的詛咒,倾诉白骨和慌忧的诅咒
weave_together_the_fabric_of_place,https://suisoko.com/Major_Power_Cards/JE/JECards300pxiJEMajor5png_combined.webp,major,,編織名為大地之布帛,编织名为大地之布帛
melt_earth_into_quicksand,https://suisoko.com/Major_Power_Cards/JE/JECards300pxiJEMajor2png_combined.webp,major,,土壤流沙化,土壤流沙化
inspire_the_release_of_stolen_lands,https://suisoko.com/Major_Power_Cards/NI/NIMajor7png_combined.webp,major,,鼓動入侵者地歸原主,鼓动入侵者地归原主
plague_ships_sail_to_distant_ports,https://suisoko.com/Major_Power_Cards/NI/NIMajor6png_combined.webp,major,,瘟疫乘帆遠航,瘟疫乘帆远航
solidify_echoes_of_majesty_past,https://suisoko.com/Major_Power_Cards/NI/NIMajor3png_combined.webp,major,,過往榮光的清晰倒影,过往荣光的清晰倒影
cleansing_floods,https://suisoko.com/Major_Power_Cards/Base/HCards300pxiHMajor20png_combined.webp,major,,清洗淨化之洪,清洗净化之洪
pillar_of_living_flame,https://suisoko.com/Major_Power_Cards/Base/HCards300pxiHMajor13png_combined.webp,major,,通天裂焰,通天裂焰
blazing_renewal,https://suisoko.com/Major_Power_Cards/Base/HCards300pxiHMajor21png_combined.webp,major,,浴火重生,浴火重生
sea_monsters,https://suisoko.com/Major_Power_Cards/BnC/BnCCards300pxiBnCMajor9png_combined.webp,major,,海怪軍團,海怪军团
twisted_flowers_murmur_ultimatums,https://suisoko.com/Major_Power_Cards/BnC/BnCCards300pxiBnCMajor2png_combined.webp,major,,魔花輕聲訴說威脅,魔花轻声诉说威胁
focus_the_lands_anguish,https://suisoko.com/Major_Power_Cards/JE/JECards300pxiJEMajor20png_combined.webp,major,,土地悲痛集於此,土地悲痛集于此
spill_bitterness_into_the_earth,https://suisoko.com/Major_Power_Cards/JE/JECards300pxiJEMajor8png_combined.webp,major,,吐苦水於土地,吐苦水于土地
unearth_a_beast_of_wrathful_stone,https://suisoko.com/Major_Power_Cards/NI/NIMajor1png_combined.webp,major,,召喚嗔怒石獸,召唤嗔怒石兽
talons_of_lightning,https://suisoko.com/Major_Power_Cards/Base/HCards300pxiHMajor10png_combined.webp,major,,雷霆利爪,雷霆利爪
tsunami,https://suisoko.com/Major_Power_Cards/Base/HCards300pxiHMajor5png_combined.webp,major,,大海嘯,大海啸
manifest_incarnation,https://suisoko.com/Major_Power_Cards/BnC/BnCCards300pxiBnCMajor4png_combined.webp,major,,化身下凡,化身下凡
dream_of_the_untouched_land,https://suisoko.com/Major_Power_Cards/JE/JECards300pxiJEMajor22png_combined.webp,major,,美麗新世界,美丽新世界
transform_to_a_murderous_darkness,https://suisoko.com/Major_Power_Cards/JE/JECards300pxiJEMajor16png_combined.webp,major,,化做奪命黑闇,化做夺命黑暗
irresistible_call,https://suisoko.com/Major_Power_Cards/JE/JECards300pxiJEMajor12png_combined.webp,major,,無法抗拒的召喚,无法抗拒的召唤
rumbling_earthquakes,https://suisoko.com/Major_Power_Cards/NI/NIMajor4png_combined.webp,major,,轟隆大地震,轰隆大地震
fire_and_flood,https://suisoko.com/Major_Power_Cards/BnC/BnCCards300pxiBnCMajor17png_combined.webp,major,,裂火與洪流,裂火与洪流
exaltation_of_the_incandescent_sky,https://suisoko.com/Major_Power_Cards/NI/NIMajor10png_combined.webp,major,,熾天喜樂,炽天喜乐
fragments_of_yesteryear,https://suisoko.com/Major_Power_Cards/NI/NIMajor8png_combined.webp,major,,往日的碎片,往日的碎片
volcanic_eruption,https://suisoko.com/Major_Power_Cards/BnC/BnCCards300pxiBnCMajor6png_combined.webp,major,,火山爆發,火山爆发
draw_towards_a_consuming_void,https://suisoko.com/Major_Power_Cards/JE/JECards300pxiJEMajor10png_combined.webp,major,,虛空吞食天地,虚空吞食天地
cast_down_into_the_briny_deep,https://suisoko.com/Major_Power_Cards/BnC/BnCCards300pxiBnCMajor19png_combined.webp,major,,沒入深邃無光之海,没入深邃无光之海
slave_rebellion,https://suisoko.com/Events_Cards/BnC/BnCCards300pxiBnCEvent1png_combined.webp,event,,奴隸起義,奴隶起义
years_of_little_rain,https://suisoko.com/Events_Cards/BnC/BnCCards300pxiBnCEvent26png_combined.webp,event,,無雨之年,无雨之年
farmers_seek_the_dahan_for_aid,https://suisoko.com/Events_Cards/BnC/BnCCards300pxiBnCEvent25png_combined.webp,event,,農民向達漢人求援,农民向达汉人求援
new_species_spread,https://suisoko.com/Events_Cards/BnC/BnCCards300pxiBnCEvent24png_combined.webp,event,,外來種入侵,外来种入侵
war_touches_the_islands_shores,https://suisoko.com/Events_Cards/BnC/BnCCards300pxiBnCEvent23png_combined.webp,event,,戰火登岸,战火登岸
sacred_sites_under_threat,https://suisoko.com/Events_Cards/BnC/BnCCards300pxiBnCEvent22png_combined.webp,event,,聖域危機,圣域危机
outpaced,https://suisoko.com/Events_Cards/BnC/BnCCards300pxiBnCEvent21png_combined.webp,event,,快速成長,快速成长
missionaries_arrive,https://suisoko.com/Events_Cards/BnC/BnCCards300pxiBnCEvent20png_combined.webp,event,,傳教土登陸,传教土登陆
a_strange_madness_among_the_beasts,https://suisoko.com/Events_Cards/BnC/BnCCards300pxiBnCEvent19png_combined.webp,event,,野生動物異常發狂,野生动物异常发狂
rising_interest_in_the_island,https://suisoko.com/Events_Cards/BnC/BnCCards300pxiBnCEvent11png_combined.webp,event,,高漲的好奇心,高涨的好奇心
lesser_spirits_imperiled,https://suisoko.com/Events_Cards/JE/JECards300pxiJEEvent30png_combined.webp,event,,下級精靈遇上危險,下级精灵遇上危险
remnants_of_a_spirits_heart,https://suisoko.com/Events_Cards/JE/JECards300pxiJEEvent29png_combined.webp,event,,精靈之心的碎片,精灵之心的碎片
numinous_crisis,https://suisoko.com/Events_Cards/JE/JECards300pxiJEEvent28png_combined.webp,event,,靈性危機,灵性危机
hardworking_settlers,https://suisoko.com/Events_Cards/JE/JECards300pxiJEEvent27png_combined.webp,event,,勤勞的新移民,勤劳的新移民
dahan_trade_with_the_invaders,https://suisoko.com/Events_Cards/JE/JECards300pxiJEEvent26png_combined.webp,event,,達漢人和入侵者交易,达汉人和入侵者交易
lifes_balance_tilts,https://suisoko.com/Events_Cards/JE/JECards300pxiJEEvent25png_combined.webp,event,,被破壞的平衡,被破坏的平衡
ethereal_conjunction,https://suisoko.com/Events_Cards/NI/NIEvent8png_combined.webp,event,,天界接觸,天界接触
faroff_wars_touch_the_island,https://suisoko.com/Events_Cards/NI/NIEvent7png_combined.webp,event,,島嶼受遠方戰火波及,岛屿受远方战火波及
visions_out_of_time,https://suisoko.com/Events_Cards/NI/NIEvent6png_combined.webp,event,,未來的景色,未来的景色
putting_down_roots,https://suisoko.com/Events_Cards/BnC/BnCCards300pxiBnCEvent10png_combined.webp,event,the_center_crumbles,建立家園,建立家园,内地崩潰,内地崩溃
search_for_new_lands,https://suisoko.com/Events_Cards/BnC/BnCCards300pxiBnCEvent9png_combined.webp,event,devastated_shores,尋找新天地,寻找新天地,被毀滅的海岸,被毁灭的海岸
invaders_surge_inland,https://suisoko.com/Events_Cards/BnC/BnCCards300pxiBnCEvent8png_combined.webp,event,widening_destruction,入侵者大舉湧入內陸,入侵者大举涌入内陆,人禍加劇,人祸加剧
tightknit_communities,https://suisoko.com/Events_Cards/BnC/BnCCards300pxiBnCEvent7png_combined.webp,event,blight_spreads,和諧社會,和谐社会,傷害漫延,伤害漫延
wellprepared_explorers,https://suisoko.com/Events_Cards/BnC/BnCCards300pxiBnCEvent6png_combined.webp,event,blight_spreads,有備而來的探險家,有备而来的探险家,傷害漫延,伤害漫延
population_rises,https://suisoko.com/Events_Cards/BnC/BnCCards300pxiBnCEvent5png_combined.webp,event,power_fades,人口成長,人口成长,力量衰減,力量衰减
urban_development,https://suisoko.com/Events_Cards/BnC/BnCCards300pxiBnCEvent4png_combined.webp,event,festering_pits_of_blight,都市開發,都市开发,遺爛的垃圾坑,遗烂的垃圾坑
heavy_farming,https://suisoko.com/Events_Cards/BnC/BnCCards300pxiBnCEvent3png_combined.webp,event,overcrowded_cities,集約農業,集约农业,都市人口爆炸,都市人口爆炸
promising_farmland,https://suisoko.com/Events_Cards/BnC/BnCCards300pxiBnCEvent2png_combined.webp,event,new_cash_crops_take_hold,潛在的田地,潜在的田地,新經濟作物崛起,新经济作物崛起
the_frontier_calls,https://suisoko.com/Events_Cards/JE/JECards300pxiJEEvent19png_combined.webp,event,selfsacrifice_buys_time,邊境的呼喚,边境的呼唤,犧牲自己，爭取時間,牺牲自己，争取时间
seek_new_farmland,https://suisoko.com/Events_Cards/JE/JECards300pxiJEEvent18png_combined.webp,event,voracious_consumption,找尋新耕地,找寻新耕地,過度開發,过度开发
gradual_corruption,https://suisoko.com/Events_Cards/JE/JECards300pxiJEEvent17png_combined.webp,event,ravaged_wilderness,日漸腐敗的人們,日渐腐败的人们,被摧殘的生態,被摧残的生态
fortuneseekers,https://suisoko.com/Events_Cards/JE/JECards300pxiJEEvent16png_combined.webp,event,the_lands_bounty_exhausted;the_land’s_bounty_exhausted,富貴險中求,富贵险中求,恩典不再,恩典不再
provincial_seat,https://suisoko.com/Events_Cards/JE/JECards300pxiJEEvent15png_combined.webp,event,lands_hollow_of_promise,省會,省会,失望之地,失望之地
cities_rise,https://suisoko.com/Events_Cards/JE/JECards300pxiJEEvent14png_combined.webp,event,depleted_soil,都市興起,都市兴起,枯竭的土壤,枯竭的土壤
thriving_trade,https://suisoko.com/Events_Cards/JE/JECards300pxiJEEvent13png_combined.webp,event,partitioned_wilderness,蓬勃的貿易,蓬勃的贸易,被割據的大地,被割据的大地
wounded_lands_attract_explorers,https://suisoko.com/Events_Cards/JE/JECards300pxiJEEvent12png_combined.webp,event,the_worlds_vibrance_fades;the_world’s_vibrance_fades,荒蕪之地引來探險家,荒芜之地引来探险家,世界正走向死亡,世界正走向死亡
coastal_towns_multiply,https://suisoko.com/Events_Cards/JE/JECards300pxiJEEvent11png_combined.webp,event,cooperation_among_towns,沿海城鎮增長,沿海城镇增长,城鄉聯盟,城乡联盟
civic_engagement,https://suisoko.com/Events_Cards/JE/JECards300pxiJEEvent10png_combined.webp,event,lifes_web_torn_asunder;life’s_web_torn_asunder,公民參與,公民参与,支離破碎的生態,支离破碎的生态
sprawl_contained_by_the_wilds,https://suisoko.com/Events_Cards/JE/JECards300pxiJEEvent9png_combined.webp,event,dissolution_threatens,荒野阻擋擴張,荒野阻挡扩张,意識消散,意识消散
the_struggles_of_growth,https://suisoko.com/Events_Cards/JE/JECards300pxiJEEvent8png_combined.webp,event,blight_deepens,力求突破,力求突破,損傷加劇,损伤加剧
accumulated_devastation,https://suisoko.com/Events_Cards/NI/NIEvent5png_combined.webp,event,the_worlds_vibrance_fades;the_world’s_vibrance_fades,累積的傷害,累积的伤害,星球靈動減弱,星球灵动减弱
focused_farming,https://suisoko.com/Events_Cards/NI/NIEvent4png_combined.webp,event,essence_disperses,農業中心,农业中心,靈力渙散,灵力涣散
influx_of_settlers,https://suisoko.com/Events_Cards/NI/NIEvent3png_combined.webp,event,lethargy_and_degeneration,源源不絕的移民,源源不绝的移民,生無可戀,生无可恋
search_for_unclaimed_land,https://suisoko.com/Events_Cards/NI/NIEvent2png_combined.webp,event,widespread_hunting,尋找新天地,寻找新天地,掃盪野獸,扫荡野兽
seeking_the_interior,https://suisoko.com/Events_Cards/BnC/BnCCards300pxiBnCEvent18png_combined.webp,event,local_diaspora,尋找內地,寻找内地,在地遷徙,在地迁徙
wave_of_reconnaissance,https://suisoko.com/Events_Cards/BnC/BnCCards300pxiBnCEvent17png_combined.webp,event,urbanization,偵察大隊,侦察大队,都市化,都市化
interesting_discoveries,https://suisoko.com/Events_Cards/BnC/BnCCards300pxiBnCEvent16png_combined.webp,event,increasing_aggression,耐人尋味的發現,耐人寻味的发现,增長的敵意,增长的敌意
strange_tales_attract_explorers,https://suisoko.com/Events_Cards/BnC/BnCCards300pxiBnCEvent15png_combined.webp,event,fortification,鄉野奇譚引來探險家,乡野奇谭引来探险家,築城,筑城
harvest_bounty_harvest_dust,https://suisoko.com/Events_Cards/JE/JECards300pxiJEEvent24png_combined.webp,event,widespread_clearcutting,濫墾濫伐,滥垦滥伐,砍伐殆盡,砍伐殆尽
invested_aristocracy,https://suisoko.com/Events_Cards/JE/JECards300pxiJEEvent23png_combined.webp,event,foreign_dignitaries_visit,貴族投資者,贵族投资者,外國政要來訪,外国政要来访
mapmakers_chart_the_wild,https://suisoko.com/Events_Cards/JE/JECards300pxiJEEvent22png_combined.webp,event,increasing_aggression,製圖師記下了路線,制图师记下了路线,增長的敵意,增长的敌意
no_bravery_without_numbers,https://suisoko.com/Events_Cards/JE/JECards300pxiJEEvent21png_combined.webp,event,courage_of_the_crowd,沒有數量，沒有膽量,没有数量，没有胆量,人多勢眾,人多势众
smaller_ports_spring_up,https://suisoko.com/Events_Cards/JE/JECards300pxiJEEvent20png_combined.webp,event,extensive_building,小港口如雨後春筍般出現,小港口如雨后春笋般出现,大興土木,大兴土木
cultural_assimilation,https://suisoko.com/Events_Cards/BnC/BnCCards300pxiBnCEvent14png_combined.webp,event,reprisal_against_the_dahan,文化同化,文化同化,報復達漢族,报复达汉族
investigation_of_dangers,https://suisoko.com/Events_Cards/BnC/BnCCards300pxiBnCEvent13png_combined.webp,event,destroy_the_unnatural,檢查危險,检查危险,打倒怪力亂神,打倒怪力乱神
distant_exploration,https://suisoko.com/Events_Cards/BnC/BnCCards300pxiBnCEvent12png_combined.webp,event,fearful_mobs,探索遠方,探索远方,恐怖的暴民,恐怖的暴民
eager_explorers,https://suisoko.com/Events_Cards/JE/JECards300pxiJEEvent7png_combined.webp,event,xenophobia,急躁的探險家,急躁的探险家,異族恐懼症,异族恐惧症
bureaucrats_adjust_funding,https://suisoko.com/Events_Cards/JE/JECards300pxiJEEvent6png_combined.webp,event,ransack_and_run,機關財政重整,机关财政重整,搶了就跑,抢了就跑
resourceful_populace,https://suisoko.com/Events_Cards/JE/JECards300pxiJEEvent5png_combined.webp,event,strip_the_land_bare,狡滑的人民,狡滑的人民,榨乾土地價值,榨干土地价值
relentless_optimism,https://suisoko.com/Events_Cards/JE/JECards300pxiJEEvent4png_combined.webp,event,cultures_mix_and_clash;culture_mix_and_clash,沒完沒了的樂觀,没完没了的乐观,文化融合衝撞,文化融合冲撞
pull_together_in_adversity,https://suisoko.com/Events_Cards/JE/JECards300pxiJEEvent3png_combined.webp,event,purge_the_land_with_salt_and_fire,背水一戰,背水一战,用火與鹽淨化土地,用火与盐净化土地
temporary_truce,https://suisoko.com/Events_Cards/JE/JECards300pxiJEEvent2png_combined.webp,event,temporary_caution,短暫休兵,短暂休兵,暫時觀望,暂时观望
overconfidence,https://suisoko.com/Events_Cards/JE/JECards300pxiJEEvent1png_combined.webp,event,terror_breeds_aggression,過度自信,过度自信,恐懼激發敵意,恐惧激发敌意
an_ominous_dawn,https://suisoko.com/Events_Cards/NI/NIEvent1png_combined.webp,event,wavering_resolve,黎明惡兆,黎明恶兆,動搖的決心,动摇的决心
terror_spikes_upwards,https://suisoko.com/Events_Cards/NI/NIEvent0png_combined.webp,event,final_harvest,恐慌扶搖直上,恐慌扶摇直上,最終收獲,最终收获
fear_of_the_unseen,https://suisoko.com/Fear_Cards/Base/HCards300pxiHFear9png_combined.webp,fear,,目不可視的恐懼,目不可视的恐惧
scapegoats,https://suisoko.com/Fear_Cards/Base/HCards300pxiHFear5png_combined.webp,fear,,代罪羔羊,代罪羔羊
emigration_accelerates,https://suisoko.com/Fear_Cards/Base/HCards300pxiHFear10png_combined.webp,fear,,人口加速外移,人口加速外移
dahan_on_their_guard,https://suisoko.com/Fear_Cards/Base/HCards300pxiHFear12png_combined.webp,fear,,達漢備戰,达汉备战
tall_tales_of_savagery,https://suisoko.com/Fear_Cards/Base/HCards300pxiHFear3png_combined.webp,fear,,傳奇中的野人,传奇中的野人
retreat,https://suisoko.com/Fear_Cards/Base/HCards300pxiHFear6png_combined.webp,fear,,撤退!,撤退!
dahan_raid,https://suisoko.com/Fear_Cards/Base/HCards300pxiHFear11png_combined.webp,fear,,達漢突襲,达汉突袭
dahan_enheartened,https://suisoko.com/Fear_Cards/Base/HCards300pxiHFear13png_combined.webp,fear,,達漢土氣大振,达汉土气大振
avoid_the_dahan,https://suisoko.com/Fear_Cards/Base/HCards300pxiHFear15png_combined.webp,fear,,遠離達漢人,远离达汉人
seek_safety,https://suisoko.com/Fear_Cards/Base/HCards300pxiHFear4png_combined.webp,fear,,尋求庇護,寻求庇护
wary_of_the_interior,https://suisoko.com/Fear_Cards/Base/HCards300pxiHFear1png_combined.webp,fear,,當心內陸,当心内陆
belief_takes_root,https://suisoko.com/Fear_Cards/Base/HCards300pxiHFear14png_combined.webp,fear,,疑心生根,疑心生根
isolation,https://suisoko.com/Fear_Cards/Base/HCards300pxiHFear8png_combined.webp,fear,,孤立無援,孤立无援
overseas_trade_seem_safer,https://suisoko.com/Fear_Cards/Base/HCards300pxiHFear7png_combined.webp,fear,,跨國貿易似乎更加安全,跨国贸易似乎更加安全
trade_suffers,https://suisoko.com/Fear_Cards/Base/HCards300pxiHFear2png_combined.webp,fear,,貿易受挫,贸易受挫
demoralized,https://suisoko.com/Fear_Cards/BnC/BnCCards300pxiBnCFear15png_combined.webp,fear,,土氣重創,土气重创
plan_for_departure,https://suisoko.com/Fear_Cards/BnC/BnCCards300pxiBnCFear14png_combined.webp,fear,,計畫離境,计划离境
tread_carefully,https://suisoko.com/Fear_Cards/BnC/BnCCards300pxiBnCFear13png_combined.webp,fear,,謹慎行動,谨慎行动
dahan_attack,https://suisoko.com/Fear_Cards/BnC/BnCCards300pxiBnCFear12png_combined.webp,fear,,達漢來襲,达汉来袭
explorers_are_reluctant,https://suisoko.com/Fear_Cards/BnC/BnCCards300pxiBnCFear11png_combined.webp,fear,,不情願的探險家,不情愿的探险家
immigration_slows,https://suisoko.com/Fear_Cards/BnC/BnCCards300pxiBnCFear10png_combined.webp,fear,,移民趨緩,移民趋缓
flee_the_pestilent_land,https://suisoko.com/Fear_Cards/BnC/BnCCards300pxiBnCFear9png_combined.webp,fear,,逃離疫區,逃离疫区
quarantine,https://suisoko.com/Fear_Cards/BnC/BnCCards300pxiBnCFear8png_combined.webp,fear,,隔離區,隔离区
too_many_monsters,https://suisoko.com/Fear_Cards/BnC/BnCCards300pxiBnCFear7png_combined.webp,fear,,怪獸滿街,怪兽满街
panicked_by_wild_beasts,https://suisoko.com/Fear_Cards/BnC/BnCCards300pxiBnCFear6png_combined.webp,fear,,野獸驚魂,野兽惊魂
depart_the_dangerous_land,https://suisoko.com/Fear_Cards/BnC/BnCCards300pxiBnCFear5png_combined.webp,fear,,險地勿近,险地勿近
unrest,https://suisoko.com/Fear_Cards/BnC/BnCCards300pxiBnCFear4png_combined.webp,fear,,動亂,动乱
panic,https://suisoko.com/Fear_Cards/BnC/BnCCards300pxiBnCFear3png_combined.webp,fear,,恐慌,恐慌
discord,https://suisoko.com/Fear_Cards/BnC/BnCCards300pxiBnCFear2png_combined.webp,fear,,內閱,内阅
dahan_threaten,https://suisoko.com/Fear_Cards/BnC/BnCCards300pxiBnCFear1png_combined.webp,fear,,達漢的危機感,达汉的危机感
sense_of_dread,https://suisoko.com/Fear_Cards/JE/JECards300pxiJEFear6png_combined.webp,fear,,可怕的預感,可怕的预感
flee_from_dangerous_lands,https://suisoko.com/Fear_Cards/JE/JECards300pxiJEFear5png_combined.webp,fear,,逃離危險地帶,逃离危险地带
dahan_reclaim_fishing_grounds,https://suisoko.com/Fear_Cards/JE/JECards300pxiJEFear4png_combined.webp,fear,,達漢重奪漁場,达汉重夺渔场
beset_by_many_troubles,https://suisoko.com/Fear_Cards/JE/JECards300pxiJEFear3png_combined.webp,fear,,層出不窮的問題,层出不穷的问题
nerves_fray,https://suisoko.com/Fear_Cards/JE/JECards300pxiJEFear2png_combined.webp,fear,,心煩意亂,心烦意乱
theological_strife,https://suisoko.com/Fear_Cards/JE/JECards300pxiJEFear1png_combined.webp,fear,,神學爭議,神学争议
angry_mobs,https://suisoko.com/Fear_Cards/FnF/FnFCards300pxiFnFFear5png_combined.webp,fear,,暴民之怒,暴民之怒
mimic_the_dahan,https://suisoko.com/Fear_Cards/FnF/FnFCards300pxiFnFFear4png_combined.webp,fear,,師法達漢人,师法达汉人
depopulation,https://suisoko.com/Fear_Cards/FnF/FnFCards300pxiFnFFear3png_combined.webp,fear,,人口消亡,人口消亡
communities_in_disarray,https://suisoko.com/Fear_Cards/FnF/FnFCards300pxiFnFFear2png_combined.webp,fear,,混沌城市,混沌城市
spreading_timidity,https://suisoko.com/Fear_Cards/FnF/FnFCards300pxiFnFFear1png_combined.webp,fear,,散佈膽怯,散布胆怯
civil_unrest,https://suisoko.com/Fear_Cards/NI/NIFear8png_combined.webp,fear,,民怨四起,民怨四起
dahan_gain_the_edge,https://suisoko.com/Fear_Cards/NI/NIFear7png_combined.webp,fear,,達漢占據上風,达汉占据上风
daunted_by_the_dahan,https://suisoko.com/Fear_Cards/NI/NIFear6png_combined.webp,fear,,畏懼達漢人,畏惧达汉人
distracted_by_local_troubles,https://suisoko.com/Fear_Cards/NI/NIFear5png_combined.webp,fear,,內部動亂,内部动乱
restlessness,https://suisoko.com/Fear_Cards/NI/NIFear4png_combined.webp,fear,,坐立難安,坐立难安
seek_company,https://suisoko.com/Fear_Cards/NI/NIFear3png_combined.webp,fear,,尋求慰藉,寻求慰藉
struggles_over_farmland,https://suisoko.com/Fear_Cards/NI/NIFear2png_combined.webp,fear,,耕地短缺,耕地短缺
supply_chains_abandoned,https://suisoko.com/Fear_Cards/NI/NIFear1png_combined.webp,fear,,補給線斷裂,补给线断裂
unsettled,https://suisoko.com/Fear_Cards/NI/NIFear0png_combined.webp,fear,,動盪不安,动荡不安
downward_spiral,https://suisoko.com/Blight_Cards/Base/BaseCards300pxiBaseBlight1png_combined.webp,blight,,惡性循還,恶性循还
memory_fades_to_dust,https://suisoko.com/Blight_Cards/Base/BaseCards300pxiBaseBlight2png_combined.webp,blight,,記憶消逝,记忆消逝
back_against_the_wall,https://suisoko.com/Blight_Cards/BnC/BnCCards300pxiBnCBlight1png_combined.webp,blight,,身陷絕境,身陷绝境
promising_farmlands,https://suisoko.com/Blight_Cards/BnC/BnCCards300pxiBnCBlight2png_combined.webp,blight,,良田沃土,良田沃土
disintegrating_ecosystem,https://suisoko.com/Blight_Cards/BnC/BnCCards300pxiBnCBlight3png_combined.webp,blight,,分崩離析的生態,分崩离析的生态
aid_from_lesser_spirits,https://suisoko.com/Blight_Cards/BnC/BnCCards300pxiBnCBlight4png_combined.webp,blight,,下級精靈的援手,下级精灵的援手
tipping_point,https://suisoko.com/Blight_Cards/BnC/BnCCards300pxiBnCBlight5png_combined.webp,blight,,臨界點,临界点
erosion_of_will,https://suisoko.com/Blight_Cards/BnC/BnCCards300pxiBnCBlight6png_combined.webp,blight,,侵蝕意志,侵蚀意志
a_pall_upon_the_land,https://suisoko.com/Blight_Cards/BnC/BnCCards300pxiBnCBlight7png_combined.webp,blight,,陰霾籠罩,阴霾笼罩
unnatural_proliferation,https://suisoko.com/Blight_Cards/JE/JECards300pxiJEBlight7png_combined.webp,blight,,異常增長,异常增长
all_things_weaken,https://suisoko.com/Blight_Cards/JE/JECards300pxiJEBlight6png_combined.webp,blight,,萬物凋零,万物凋零
thriving_communities,https://suisoko.com/Blight_Cards/JE/JECards300pxiJEBlight5png_combined.webp,blight,,繁榮的社區,繁荣的社区
power_corrodes_the_spirit,https://suisoko.com/Blight_Cards/JE/JECards300pxiJEBlight4png_combined.webp,blight,,力量腐化了精靈,力量腐化了精灵
untended_land_crumbles,https://suisoko.com/Blight_Cards/JE/JECards300pxiJEBlight3png_combined.webp,blight,,無人照料的土地衰亡,无人照料的土地衰亡
attenuated_essence,https://suisoko.com/Blight_Cards/NI/NIBlight7png_combined.webp,blight,,衰弱的靈力,衰弱的灵力
blight_corrodes_the_spirit,https://suisoko.com/Blight_Cards/NI/NIBlight6png_combined.webp,blight,,衰敗的力量侵襲精靈,衰败的力量侵袭精灵
burn_brightest_before_the_end,https://suisoko.com/Blight_Cards/NI/NIBlight5png_combined.webp,blight,,最後的生命列焰,最后的生命列焰
intensifying_exploitation,https://suisoko.com/Blight_Cards/NI/NIBlight4png_combined.webp,blight,,日益激裂的壓榨,日益激裂的压榨
shattered_fragments_of_power,https://suisoko.com/Blight_Cards/NI/NIBlight3png_combined.webp,blight,,破碎的力量結晶,破碎的力量结晶
slow_dissolution_of_will,https://suisoko.com/Blight_Cards/NI/NIBlight2png_combined.webp,blight,,逐漸澳散的意志,逐渐澳散的意志
invaders_find_the_land_to_their_liking,https://suisoko.com/Blight_Cards/JE/JECards300pxiJEBlight2png_combined.webp,blight,,入侵者的第二個家,入侵者的第二个家
strong_earth_shatters_slowly,https://suisoko.com/Blight_Cards/JE/JECards300pxiJEBlight1png_combined.webp,blight,,堅實的大地不易粉碎,坚实的大地不易粉碎
the_border_of_live_and_death,https://suisoko.com/Blight_Cards/NI/NIBlight1png_combined.webp,blight,,生死交界線,生死交界线
thriving_crops,https://suisoko.com/Blight_Cards/NI/NIBlight0png_combined.webp,blight,,欣欣向榮的農業,欣欣向荣的农业
healthy_island,https://suisoko.com/Blight_Cards/Base/Blight_Erratum_combined.webp,blight,,健康的島,健康的岛